timestamp,delivery_date,origin,actual,delivery_period,p10,p50,p90,prediction,spike_threshold
2025-12-28 23:00:00+00:00,2025-12-29,2025-12-28 10:00:00+00:00,89.88,weekday_offpeak,65.08541514776596,74.14435059453119,81.0180817134459,74.14435059453119,133.235
2025-12-29 00:00:00+00:00,2025-12-29,2025-12-28 10:00:00+00:00,84.98249999999999,weekday_offpeak,57.73665663901571,68.54673209191525,77.42550552200464,68.54673209191525,133.235
2025-12-29 01:00:00+00:00,2025-12-29,2025-12-28 10:00:00+00:00,84.1825,weekday_offpeak,52.7169371685372,63.87097879595928,75.70912809438336,63.87097879595928,133.235
2025-12-29 02:00:00+00:00,2025-12-29,2025-12-28 10:00:00+00:00,82.19,weekday_offpeak,52.13939685279009,62.58562115200045,73.94986970290378,62.58562115200045,133.235
2025-12-29 03:00:00+00:00,2025-12-29,2025-12-28 10:00:00+00:00,83.6225,weekday_offpeak,56.18709459270175,65.18100407792889,75.98380806183322,65.18100407792889,133.235
2025-12-29 04:00:00+00:00,2025-12-29,2025-12-28 10:00:00+00:00,90.7925,weekday_offpeak,68.97516949255947,71.40348561201726,82.66361356220396,71.40348561201726,133.235
2025-12-29 05:00:00+00:00,2025-12-29,2025-12-28 10:00:00+00:00,96.3325,weekday_offpeak,81.1270863215353,83.79759111134621,91.88802491714513,83.79759111134621,133.235
2025-12-29 06:00:00+00:00,2025-12-29,2025-12-28 10:00:00+00:00,104.7175,weekday_offpeak,89.02011968926308,96.77055762244726,110.12413340936797,96.77055762244726,133.235
2025-12-29 07:00:00+00:00,2025-12-29,2025-12-28 10:00:00+00:00,113.8775,weekday_peak,91.67591793972221,100.18962304886654,115.97543796136272,100.18962304886654,133.235
2025-12-29 08:00:00+00:00,2025-12-29,2025-12-28 10:00:00+00:00,111.01,weekday_peak,91.92085712281852,98.92619572390299,111.7568850555392,98.92619572390299,133.235
2025-12-29 09:00:00+00:00,2025-12-29,2025-12-28 10:00:00+00:00,97.645,weekday_peak,88.86556098990515,91.83403938441467,103.32260013204471,91.83403938441467,133.235
2025-12-29 10:00:00+00:00,2025-12-29,2025-12-28 10:00:00+00:00,90.345,weekday_peak,85.72890047174683,86.66953538016458,98.20718360154908,86.66953538016458,133.235
2025-12-29 11:00:00+00:00,2025-12-29,2025-12-28 10:00:00+00:00,87.6575,weekday_peak,83.91729436968743,85.49806993015041,96.77936586282381,85.49806993015041,133.235
2025-12-29 12:00:00+00:00,2025-12-29,2025-12-28 10:00:00+00:00,88.52250000000001,weekday_peak,85.14188355023155,85.87290726776591,96.8311168028844,85.87290726776591,133.235
2025-12-29 13:00:00+00:00,2025-12-29,2025-12-28 10:00:00+00:00,96.1025,weekday_peak,87.44197338928362,91.03445869907709,99.42071621693988,91.03445869907709,133.235
2025-12-29 14:00:00+00:00,2025-12-29,2025-12-28 10:00:00+00:00,103.5075,weekday_peak,89.46121864058028,98.168375877938,107.6780791333238,98.168375877938,133.235
2025-12-29 15:00:00+00:00,2025-12-29,2025-12-28 10:00:00+00:00,108.655,weekday_peak,91.79373573892195,98.6572479360723,115.21046974988133,98.6572479360723,133.235
2025-12-29 16:00:00+00:00,2025-12-29,2025-12-28 10:00:00+00:00,107.0075,weekday_peak,92.35119985580359,102.01039336507732,116.61823094510129,102.01039336507732,133.235
2025-12-29 17:00:00+00:00,2025-12-29,2025-12-28 10:00:00+00:00,103.3075,weekday_peak,92.37619720076019,99.74931886009065,115.17603935322434,99.74931886009065,133.235
2025-12-29 18:00:00+00:00,2025-12-29,2025-12-28 10:00:00+00:00,95.1475,weekday_peak,88.98373110403749,98.00013121778294,110.62906319407715,98.00013121778294,133.235
2025-12-29 19:00:00+00:00,2025-12-29,2025-12-28 10:00:00+00:00,90.3725,weekday_offpeak,85.31112010036006,94.53897494882703,103.18903184898251,94.53897494882703,133.235
2025-12-29 20:00:00+00:00,2025-12-29,2025-12-28 10:00:00+00:00,83.245,weekday_offpeak,82.37511600068629,90.8949942021227,95.53426642990993,90.8949942021227,133.235
2025-12-29 21:00:00+00:00,2025-12-29,2025-12-28 10:00:00+00:00,87.91499999999999,weekday_offpeak,83.25249428125086,86.71791569217014,92.1840000179597,86.71791569217014,133.235
2025-12-29 22:00:00+00:00,2025-12-29,2025-12-28 10:00:00+00:00,83.3425,weekday_offpeak,79.03530644909264,79.77538107255064,85.81587067012539,79.77538107255064,133.235
2025-12-29 23:00:00+00:00,2025-12-30,2025-12-29 10:00:00+00:00,77.8625,weekday_offpeak,65.60911952268566,77.89351362608977,85.33287778028337,77.89351362608977,131.9475
2025-12-30 00:00:00+00:00,2025-12-30,2025-12-29 10:00:00+00:00,73.215,weekday_offpeak,64.99896079488775,74.3085655359919,83.48190392340479,74.3085655359919,131.9475
2025-12-30 01:00:00+00:00,2025-12-30,2025-12-29 10:00:00+00:00,71.855,weekday_offpeak,62.81778476725864,72.91798257227148,82.06873837583159,72.91798257227148,131.9475
2025-12-30 02:00:00+00:00,2025-12-30,2025-12-29 10:00:00+00:00,69.3575,weekday_offpeak,61.66430051833583,71.5491951206994,80.40169074338331,71.5491951206994,131.9475
2025-12-30 03:00:00+00:00,2025-12-30,2025-12-29 10:00:00+00:00,68.5375,weekday_offpeak,63.43346602890079,69.74650618676411,81.08578115625446,69.74650618676411,131.9475
2025-12-30 04:00:00+00:00,2025-12-30,2025-12-29 10:00:00+00:00,71.99,weekday_offpeak,67.39340796097717,76.30480413162142,86.3718541596593,76.30480413162142,131.9475
2025-12-30 05:00:00+00:00,2025-12-30,2025-12-29 10:00:00+00:00,80.02,weekday_offpeak,77.7224685623958,83.24094141057242,92.9632661905983,83.24094141057242,131.9475
2025-12-30 06:00:00+00:00,2025-12-30,2025-12-29 10:00:00+00:00,87.97,weekday_offpeak,84.66315516618465,92.46808109536727,106.47858879495327,92.46808109536727,131.9475
2025-12-30 07:00:00+00:00,2025-12-30,2025-12-29 10:00:00+00:00,94.8775,weekday_peak,90.03726297657946,100.20881236501558,116.09967823333184,100.20881236501558,131.9475
2025-12-30 08:00:00+00:00,2025-12-30,2025-12-29 10:00:00+00:00,94.3925,weekday_peak,87.32357071448862,94.39704973330515,107.18029509722503,94.39704973330515,131.9475
2025-12-30 09:00:00+00:00,2025-12-30,2025-12-29 10:00:00+00:00,85.82,weekday_peak,84.33799482872944,90.37338028122913,96.75120537094519,90.37338028122913,131.9475
2025-12-30 10:00:00+00:00,2025-12-30,2025-12-29 10:00:00+00:00,79.38,weekday_peak,80.43125953482067,83.82582502844276,90.67627679821375,83.82582502844276,131.9475
2025-12-30 11:00:00+00:00,2025-12-30,2025-12-29 10:00:00+00:00,76.155,weekday_peak,78.81634622202134,81.15446754021632,90.67627679821375,81.15446754021632,131.9475
2025-12-30 12:00:00+00:00,2025-12-30,2025-12-29 10:00:00+00:00,76.7575,weekday_peak,79.77358846862724,81.7965810812726,90.67627679821375,81.7965810812726,131.9475
2025-12-30 13:00:00+00:00,2025-12-30,2025-12-29 10:00:00+00:00,88.9675,weekday_peak,87.94763701770682,92.1242140403648,100.93429759686138,92.1242140403648,131.9475
2025-12-30 14:00:00+00:00,2025-12-30,2025-12-29 10:00:00+00:00,102.325,weekday_peak,91.78430709724711,104.22225301814417,115.26763831022309,104.22225301814417,131.9475
2025-12-30 15:00:00+00:00,2025-12-30,2025-12-29 10:00:00+00:00,109.1,weekday_peak,94.21081082907956,109.295851275816,120.0050227131064,109.295851275816,131.9475
2025-12-30 16:00:00+00:00,2025-12-30,2025-12-29 10:00:00+00:00,110.715,weekday_peak,94.71081418987382,110.01992483115635,119.64731021413316,110.01992483115635,131.9475
2025-12-30 17:00:00+00:00,2025-12-30,2025-12-29 10:00:00+00:00,109.12,weekday_peak,94.47928679951346,108.42854394406586,119.17986621633244,108.42854394406586,131.9475
2025-12-30 18:00:00+00:00,2025-12-30,2025-12-29 10:00:00+00:00,105.6075,weekday_peak,92.83673044723866,107.36910778188258,118.29245709173192,107.36910778188258,131.9475
2025-12-30 19:00:00+00:00,2025-12-30,2025-12-29 10:00:00+00:00,101.04,weekday_offpeak,91.3327482675584,104.78774318635894,112.14893547275219,104.78774318635894,131.9475
2025-12-30 20:00:00+00:00,2025-12-30,2025-12-29 10:00:00+00:00,93.3225,weekday_offpeak,88.70323896108928,97.79005692377947,108.65499942095383,97.79005692377947,131.9475
2025-12-30 21:00:00+00:00,2025-12-30,2025-12-29 10:00:00+00:00,92.045,weekday_offpeak,87.36272736593698,95.18210823390702,101.84863149138984,95.18210823390702,131.9475
2025-12-30 22:00:00+00:00,2025-12-30,2025-12-29 10:00:00+00:00,85.8075,weekday_offpeak,80.24179882677299,86.30323640597412,92.95975517366887,86.30323640597412,131.9475
2025-12-30 23:00:00+00:00,2025-12-31,2025-12-30 10:00:00+00:00,85.37,weekday_offpeak,78.56192847745932,83.97952983770288,90.2014557928624,83.97952983770288,131.15
2025-12-31 00:00:00+00:00,2025-12-31,2025-12-30 10:00:00+00:00,84.3375,weekday_offpeak,71.02792906736144,79.91591683574491,84.30726425909663,79.91591683574491,131.15
2025-12-31 01:00:00+00:00,2025-12-31,2025-12-30 10:00:00+00:00,80.2125,weekday_offpeak,66.92253599109871,76.34409671708372,82.00610724194718,76.34409671708372,131.15
2025-12-31 02:00:00+00:00,2025-12-31,2025-12-30 10:00:00+00:00,76.58,weekday_offpeak,64.47892424139039,74.83020831096792,80.7392315723316,74.83020831096792,131.15
2025-12-31 03:00:00+00:00,2025-12-31,2025-12-30 10:00:00+00:00,74.9325,weekday_offpeak,63.09592359809224,69.07294499667346,75.82900470915182,69.07294499667346,131.15
2025-12-31 04:00:00+00:00,2025-12-31,2025-12-30 10:00:00+00:00,77.3775,weekday_offpeak,55.546405828736134,66.41934922743721,74.78755763756625,66.41934922743721,131.15
2025-12-31 05:00:00+00:00,2025-12-31,2025-12-30 10:00:00+00:00,81.86749999999999,weekday_offpeak,62.148611376779506,67.7890127031252,76.77684571580147,67.7890127031252,131.15
2025-12-31 06:00:00+00:00,2025-12-31,2025-12-30 10:00:00+00:00,85.2825,weekday_offpeak,69.64872986167465,73.45074834018497,83.16955331457162,73.45074834018497,131.15
2025-12-31 07:00:00+00:00,2025-12-31,2025-12-30 10:00:00+00:00,95.7925,weekday_peak,79.00493907120952,80.29356009445476,88.95861153584605,80.29356009445476,131.15
2025-12-31 08:00:00+00:00,2025-12-31,2025-12-30 10:00:00+00:00,95.335,weekday_peak,75.12034269834507,79.86542798300846,85.15826473246955,79.86542798300846,131.15
2025-12-31 09:00:00+00:00,2025-12-31,2025-12-30 10:00:00+00:00,89.26249999999999,weekday_peak,68.68941685066773,77.97865142984485,84.11886668896194,77.97865142984485,131.15
2025-12-31 10:00:00+00:00,2025-12-31,2025-12-30 10:00:00+00:00,83.48,weekday_peak,67.92024994874292,76.53723684581435,85.71110316181459,76.53723684581435,131.15
2025-12-31 11:00:00+00:00,2025-12-31,2025-12-30 10:00:00+00:00,83.0475,weekday_peak,67.36031578443162,76.66671291440933,85.39430047108661,76.66671291440933,131.15
2025-12-31 12:00:00+00:00,2025-12-31,2025-12-30 10:00:00+00:00,85.17,weekday_peak,66.02441437819292,77.99453599958177,82.87657344619298,77.99453599958177,131.15
2025-12-31 13:00:00+00:00,2025-12-31,2025-12-30 10:00:00+00:00,85.17750000000001,weekday_peak,67.83329724722178,79.34561130938148,81.71776834882647,79.34561130938148,131.15
2025-12-31 14:00:00+00:00,2025-12-31,2025-12-30 10:00:00+00:00,90.8325,weekday_peak,80.11903704096235,83.33808126652441,85.63397107242648,83.33808126652441,131.15
2025-12-31 15:00:00+00:00,2025-12-31,2025-12-30 10:00:00+00:00,100.705,weekday_peak,82.60028896748119,88.40425186936682,94.38022197999452,88.40425186936682,131.15
2025-12-31 16:00:00+00:00,2025-12-31,2025-12-30 10:00:00+00:00,110.1,weekday_peak,82.40141331389715,89.70841768500053,101.19952199995909,89.70841768500053,131.15
2025-12-31 17:00:00+00:00,2025-12-31,2025-12-30 10:00:00+00:00,107.5275,weekday_peak,82.34013662434634,91.45326514201189,99.91029715083974,91.45326514201189,131.15
2025-12-31 18:00:00+00:00,2025-12-31,2025-12-30 10:00:00+00:00,95.99,weekday_peak,80.89785613455166,87.76556135154836,99.63354261231822,87.76556135154836,131.15
2025-12-31 19:00:00+00:00,2025-12-31,2025-12-30 10:00:00+00:00,86.8025,weekday_offpeak,77.11166838687566,81.90194530948676,86.73558602455172,81.90194530948676,131.15
2025-12-31 20:00:00+00:00,2025-12-31,2025-12-30 10:00:00+00:00,79.7975,weekday_offpeak,65.87836238526968,76.39987000058181,81.52588661116017,76.39987000058181,131.15
2025-12-31 21:00:00+00:00,2025-12-31,2025-12-30 10:00:00+00:00,81.39,weekday_offpeak,58.66180656012526,73.24185878637003,77.01264836848928,73.24185878637003,131.15
2025-12-31 22:00:00+00:00,2025-12-31,2025-12-30 10:00:00+00:00,76.4475,weekday_offpeak,47.31587325491627,61.39715955154016,71.52744802651462,61.39715955154016,131.15
