delivery_period,n,mae,rmse,wape,spike_precision,spike_recall,spike_events,spike_predictions,zone,model,pricefm_forecasts,weather,evaluation_end,pinball_p10,pinball_p50,pinball_p90,coverage_80,interval_width
overall,719,32.78522600834492,45.49517429394009,0.3480253896402531,,0.0,32,0,DE_LU,Persistence,False,False,2025-03-31,,,,,
weekday_offpeak,252,19.073645833333334,27.004418402599395,0.16899176933300972,,0.0,2,0,DE_LU,Persistence,False,False,2025-03-31,,,,,
weekday_peak,252,45.77378968253968,57.62845873492709,0.4641963976170838,,0.0,30,0,DE_LU,Persistence,False,False,2025-03-31,,,,,
weekend,215,33.63266860465116,46.63185868383967,0.5007494163727935,,,0,0,DE_LU,Persistence,False,False,2025-03-31,,,,,
overall,719,34.66703581363004,46.801757880504944,0.36800138707722374,0.43243243243243246,0.5,32,37,DE_LU,Weekly seasonal,False,False,2025-03-31,,,,,
weekday_offpeak,252,16.75078373015873,23.610971855827675,0.1484113003360413,0.0,0.0,2,3,DE_LU,Weekly seasonal,False,False,2025-03-31,,,,,
weekday_peak,252,50.29693452380952,60.55072583161262,0.5100660438880076,0.48484848484848486,0.5333333333333333,30,33,DE_LU,Weekly seasonal,False,False,2025-03-31,,,,,
weekend,215,37.346854651162786,48.72733964971474,0.5560491167014633,0.0,,0,1,DE_LU,Weekly seasonal,False,False,2025-03-31,,,,,
overall,719,34.31250095938678,49.11245358246521,0.3642378891297747,,0.0,32,0,DE_LU,SARIMAX,False,False,2025-03-31,,,,,
weekday_offpeak,252,16.208930081411307,24.555066184718864,0.14361049782447596,,0.0,2,0,DE_LU,SARIMAX,False,False,2025-03-31,,,,,
weekday_peak,252,46.91487185665501,60.020525767797686,0.47576822154258797,,0.0,30,0,DE_LU,SARIMAX,False,False,2025-03-31,,,,,
weekend,215,40.76041907630876,56.01026774189401,0.6068729277328123,,,0,0,DE_LU,SARIMAX,False,False,2025-03-31,,,,,
overall,719,19.77628917064647,27.204397399216706,0.20993147164825687,0.5714285714285714,0.25,32,14,DE_LU,SARIMAX,False,True,2025-03-31,,,,,
weekday_offpeak,252,11.32533450276407,17.819189296507062,0.10034202861025905,,0.0,2,0,DE_LU,SARIMAX,False,True,2025-03-31,,,,,
weekday_peak,252,22.988368080637393,29.003192473015364,0.23312724867519347,0.6666666666666666,0.26666666666666666,30,12,DE_LU,SARIMAX,False,True,2025-03-31,,,,,
weekend,215,25.916738896175076,33.41928036000879,0.385868633533023,0.0,,0,2,DE_LU,SARIMAX,False,True,2025-03-31,,,,,
overall,719,22.403913609726022,32.228373656911764,0.23782452381163519,0.4,0.4375,32,35,DE_LU,LightGBM,False,False,2025-03-31,,,,,
weekday_offpeak,252,12.531281193491752,19.30265597609319,0.11102666996137424,0.0,0.0,2,3,DE_LU,LightGBM,False,False,2025-03-31,,,,,
weekday_peak,252,27.324187707134584,37.8415538258409,0.2770972119510368,0.5185185185185185,0.4666666666666667,30,27,DE_LU,LightGBM,False,False,2025-03-31,,,,,
weekend,215,28.208538243884508,36.85605304694051,0.41999073069097315,0.0,,0,5,DE_LU,LightGBM,False,False,2025-03-31,,,,,
overall,719,18.947338338755152,26.24813380200807,0.2011319002746096,0.47058823529411764,0.75,32,51,DE_LU,LightGBM,False,True,2025-03-31,,,,,
weekday_offpeak,252,11.092634554818595,15.744826607763267,0.09828031601107252,0.0,0.0,2,6,DE_LU,LightGBM,False,True,2025-03-31,,,,,
weekday_peak,252,22.43136601999678,29.5536010797816,0.22747863727972292,0.5714285714285714,0.8,30,42,DE_LU,LightGBM,False,True,2025-03-31,,,,,
weekend,215,24.07017730563479,31.460136494117243,0.35837558355745275,0.0,,0,3,DE_LU,LightGBM,False,True,2025-03-31,,,,,
overall,719,11.994640732948834,16.479019073282608,0.1273268487951505,0.6153846153846154,0.75,32,39,DE_LU,LightGBM,True,False,2025-03-31,,,,,
weekday_offpeak,252,8.419429800301458,11.12840198710488,0.07459582458228749,0.0,0.0,2,7,DE_LU,LightGBM,True,False,2025-03-31,,,,,
weekday_peak,252,13.530185337629602,19.411106839532433,0.13721090904594457,0.75,0.8,30,32,DE_LU,LightGBM,True,False,2025-03-31,,,,,
weekend,215,14.38531940572831,17.926320440539264,0.21417986129588562,,,0,0,DE_LU,LightGBM,True,False,2025-03-31,,,,,
overall,719,12.115362399488689,16.439861988689447,0.12860834690118336,0.6,0.75,32,40,DE_LU,LightGBM,True,True,2025-03-31,,,,,
weekday_offpeak,252,8.72806455563194,11.442964807899262,0.07733031665772537,0.0,0.0,2,6,DE_LU,LightGBM,True,True,2025-03-31,,,,,
weekday_peak,252,13.67920159904538,19.145616220002424,0.13872209726556353,0.7058823529411765,0.8,30,34,DE_LU,LightGBM,True,True,2025-03-31,,,,,
weekend,215,14.252625554668297,17.908611361026036,0.21220421168997325,,,0,0,DE_LU,LightGBM,True,True,2025-03-31,,,,,
overall,719,23.09622002202078,32.72610090294375,0.24517357209417567,0.45,0.28125,32,20,DE_LU,Quantile LightGBM,False,False,2025-03-31,8.267880798302336,11.54811001101039,4.959420256828089,0.5438108484005564,42.23565441271908
weekday_offpeak,252,11.576859980554284,18.687384511857655,0.1025705346806515,0.0,0.0,2,1,DE_LU,Quantile LightGBM,False,False,2025-03-31,3.6706320614631465,5.788429990277142,3.0785998617719557,0.6507936507936508,28.693574562964564
weekday_peak,252,28.012716543681183,37.26714307351753,0.2840796490137546,0.47368421052631576,0.3,30,19,DE_LU,Quantile LightGBM,False,False,2025-03-31,8.601731581835859,14.006358271840591,6.317463352156187,0.5515873015873016,52.80336610669019
weekend,215,30.835390287095834,39.29948472164237,0.45910135384722905,,,0,0,DE_LU,Quantile LightGBM,False,False,2025-03-31,13.264979794735023,15.417695143547917,5.572163882555835,0.40930232558139534,45.72189057670709
overall,719,19.04431547640959,26.953113205510533,0.2021613428079565,0.5757575757575758,0.59375,32,33,DE_LU,Quantile LightGBM,False,True,2025-03-31,6.339087511131228,9.522157738204795,4.561010165276114,0.5632823365785814,39.453378554929294
weekday_offpeak,252,10.369466686614375,14.993381266710859,0.09187307648065002,0.0,0.0,2,3,DE_LU,Quantile LightGBM,False,True,2025-03-31,2.8530999318578787,5.184733343307188,2.652842070906793,0.6309523809523809,27.438273443943043
weekday_peak,252,20.850736718402477,28.496420310275692,0.21144932371716338,0.6551724137931034,0.6333333333333333,30,29,DE_LU,Quantile LightGBM,False,True,2025-03-31,4.666582358382952,10.425368359201238,6.023551404905308,0.6190476190476191,51.45101434226696
weekend,215,27.09475148592674,34.8449453118819,0.4034078042640773,0.0,,0,1,DE_LU,Quantile LightGBM,False,True,2025-03-31,12.385320852849597,13.54737574296337,5.08332629269245,0.4186046511627907,39.4738542272988
overall,719,11.951064728201949,16.134137296124038,0.12686427592689756,0.6285714285714286,0.6875,32,35,DE_LU,Quantile LightGBM,True,False,2025-03-31,4.054542659638807,5.9755323641009745,2.8505994783873425,0.5187760778859527,25.58992387017181
weekday_offpeak,252,8.394080648215917,11.184059332799958,0.07437123206864542,0.0,0.0,2,6,DE_LU,Quantile LightGBM,True,False,2025-03-31,2.208570589453544,4.197040324107959,2.014070868963546,0.5873015873015873,19.069715522523136
weekday_peak,252,13.184696554289639,17.97136995703768,0.13370727411084776,0.7586206896551724,0.7333333333333333,30,29,DE_LU,Quantile LightGBM,True,False,2025-03-31,3.4953742513845834,6.592348277144819,3.5820532912695278,0.5515873015873016,32.40657312318926
weekend,215,14.674249695561864,18.584030500953396,0.2184816809257013,,,0,0,DE_LU,Quantile LightGBM,True,False,2025-03-31,6.873591034367879,7.337124847780932,2.973756914333791,0.4,25.24246755318142
overall,719,11.793328993368343,15.853007542586417,0.1251898619526982,0.5641025641025641,0.6875,32,39,DE_LU,Quantile LightGBM,True,True,2025-03-31,4.032950408869259,5.8966644966841715,2.8336849791907928,0.5257301808066759,26.21503743694908
weekday_offpeak,252,8.103656118386253,10.710578158313679,0.07179808189156439,0.0,0.0,2,6,DE_LU,Quantile LightGBM,True,True,2025-03-31,2.365028143118501,4.051828059193126,1.876320868056299,0.5753968253968254,18.341741572074735
weekday_peak,252,12.753126574915166,17.281411882562026,0.12933068149890314,0.6666666666666666,0.7333333333333333,30,33,DE_LU,Quantile LightGBM,True,True,2025-03-31,3.5088337254731474,6.376563287457583,3.678332411099675,0.5555555555555556,33.59694584398772
weekend,215,14.992996779162237,18.86671551370805,0.22322743624948024,,,0,0,DE_LU,Quantile LightGBM,True,True,2025-03-31,6.60222396786931,7.496498389581118,2.965799412515697,0.4325581395348837,26.790989247993714
overall,720,45.959612847222225,62.069644345889884,0.6704662155801404,,0.0,43,0,DE_LU,Persistence,False,False,2025-06-30,,,,,
weekday_offpeak,252,21.44346726190476,33.99205280722038,0.2145914329381389,,0.0,27,0,DE_LU,Persistence,False,False,2025-06-30,,,,,
weekday_peak,252,62.59865079365079,73.50653139931264,1.3607451515206406,,0.0,9,0,DE_LU,Persistence,False,False,2025-06-30,,,,,
weekend,216,55.149571759259274,72.04411414503414,0.9468723496088054,,0.0,7,0,DE_LU,Persistence,False,False,2025-06-30,,,,,
overall,720,27.65858506944444,38.08190688290317,0.40348788231649757,0.4090909090909091,0.4186046511627907,43,44,DE_LU,Weekly seasonal,False,False,2025-06-30,,,,,
weekday_offpeak,252,28.28935515873016,38.91836872759652,0.2831003580840032,0.5769230769230769,0.5555555555555556,27,26,DE_LU,Weekly seasonal,False,False,2025-06-30,,,,,
weekday_peak,252,29.14063492063492,41.166437978176006,0.6334478008351727,0.25,0.2222222222222222,9,8,DE_LU,Weekly seasonal,False,False,2025-06-30,,,,,
weekend,216,25.193628472222226,33.01370259746936,0.432553679488168,0.1,0.14285714285714285,7,10,DE_LU,Weekly seasonal,False,False,2025-06-30,,,,,
overall,720,28.94914927476676,36.73617161101962,0.422314840271561,,0.0,43,0,DE_LU,SARIMAX,False,False,2025-06-30,,,,,
weekday_offpeak,252,25.998404681721684,36.63566216785766,0.2601741055499765,,0.0,27,0,DE_LU,SARIMAX,False,False,2025-06-30,,,,,
weekday_peak,252,33.189454731597536,38.50621311593035,0.7214594729287014,,0.0,9,0,DE_LU,SARIMAX,False,False,2025-06-30,,,,,
weekend,216,27.444661600350106,34.68098603855282,0.4712020489874262,,0.0,7,0,DE_LU,SARIMAX,False,False,2025-06-30,,,,,
overall,720,22.528600130862262,30.239445447480943,0.3286508379056199,0.4222222222222222,0.4418604651162791,43,45,DE_LU,SARIMAX,False,True,2025-06-30,,,,,
weekday_offpeak,252,16.631546890501998,24.65399268260724,0.1664370521623213,0.5185185185185185,0.5185185185185185,27,27,DE_LU,SARIMAX,False,True,2025-06-30,,,,,
weekday_peak,252,25.83619101682072,31.85871181289846,0.5616170830229099,,0.0,9,0,DE_LU,SARIMAX,False,True,2025-06-30,,,,,
weekend,216,25.549639544331036,33.982601196357216,0.4386660939563334,0.2777777777777778,0.7142857142857143,7,18,DE_LU,SARIMAX,False,True,2025-06-30,,,,,
overall,720,20.404283298001932,27.835396159358808,0.29766096267852393,0.45454545454545453,0.46511627906976744,43,44,DE_LU,LightGBM,False,False,2025-06-30,,,,,
weekday_offpeak,252,17.48860317822887,26.26576129447356,0.17501388046371674,0.5714285714285714,0.5925925925925926,27,28,DE_LU,LightGBM,False,False,2025-06-30,,,,,
weekday_peak,252,25.65062414932659,32.827944600424736,0.5575833025496234,0.2222222222222222,0.2222222222222222,9,9,DE_LU,LightGBM,False,False,2025-06-30,,,,,
weekend,216,17.685179111191744,22.81533273006407,0.3036398391517013,0.2857142857142857,0.2857142857142857,7,7,DE_LU,LightGBM,False,False,2025-06-30,,,,,
overall,720,17.895257708260548,24.22611266463248,0.26105889430297824,0.6086956521739131,0.6511627906976745,43,46,DE_LU,LightGBM,False,True,2025-06-30,,,,,
weekday_offpeak,252,14.774306574606676,22.380271489927914,0.14785107183410748,0.72,0.6666666666666666,27,25,DE_LU,LightGBM,False,True,2025-06-30,,,,,
weekday_peak,252,22.47165494615626,28.299761872020365,0.48848010503332473,0.5,0.5555555555555556,9,10,DE_LU,LightGBM,False,True,2025-06-30,,,,,
weekend,216,16.19723725331173,20.919764095856657,0.27809311307371326,0.45454545454545453,0.7142857142857143,7,11,DE_LU,LightGBM,False,True,2025-06-30,,,,,
overall,720,12.943951366910017,19.26570391662867,0.18882844197305002,0.8333333333333334,0.813953488372093,43,42,DE_LU,LightGBM,True,False,2025-06-30,,,,,
weekday_offpeak,252,10.872544880873994,16.60191528756828,0.10880493145881902,0.8214285714285714,0.8518518518518519,27,28,DE_LU,LightGBM,True,False,2025-06-30,,,,,
weekday_peak,252,15.604122458833427,22.040771808170163,0.3391963518444642,0.875,0.7777777777777778,9,8,DE_LU,LightGBM,True,False,2025-06-30,,,,,
weekend,216,12.257059326708067,18.678920633770005,0.2104435300900779,0.8333333333333334,0.7142857142857143,7,6,DE_LU,LightGBM,True,False,2025-06-30,,,,,
overall,720,12.616688034528897,19.18980303742566,0.18405427190575413,0.8636363636363636,0.8837209302325582,43,44,DE_LU,LightGBM,True,True,2025-06-30,,,,,
weekday_offpeak,252,10.420003051120883,16.06060761052106,0.10427620489957969,0.8928571428571429,0.9259259259259259,27,28,DE_LU,LightGBM,True,True,2025-06-30,,,,,
weekday_peak,252,15.45055440757028,22.233117649646154,0.33585814920694035,0.875,0.7777777777777778,9,8,DE_LU,LightGBM,True,True,2025-06-30,,,,,
weekend,216,11.873309746623303,18.704671215184366,0.20385486847467293,0.75,0.8571428571428571,7,8,DE_LU,LightGBM,True,True,2025-06-30,,,,,
overall,720,19.53834678902451,27.92454888089131,0.28502854177374554,0.47368421052631576,0.4186046511627907,43,38,DE_LU,Quantile LightGBM,False,False,2025-06-30,5.574336784108931,9.769173394512254,5.274699508181152,0.5472222222222223,40.07917161878442
weekday_offpeak,252,16.923527237376206,26.679570429237778,0.169358990124137,0.5652173913043478,0.48148148148148145,27,23,DE_LU,Quantile LightGBM,False,False,2025-06-30,4.035970453918931,8.461763618688103,5.337779372575486,0.5753968253968254,35.148821871192276
weekday_peak,252,24.196857229770853,31.794824002571243,0.5259818820374227,0.25,0.2222222222222222,9,8,DE_LU,Quantile LightGBM,False,False,2025-06-30,6.065893541513954,12.098428614885426,6.968133169731248,0.5079365079365079,47.40161783531674
weekend,216,17.154040751743462,24.278373169427244,0.29452063458972344,0.42857142857142855,0.42857142857142855,7,7,DE_LU,Quantile LightGBM,False,False,2025-06-30,6.7956146190247395,8.577020375871731,3.22543372791265,0.5601851851851852,37.28839240502087
overall,720,17.61990430107247,25.103869988119357,0.25704199456367494,0.5806451612903226,0.4186046511627907,43,31,DE_LU,Quantile LightGBM,False,True,2025-06-30,4.512017523921613,8.809952150536235,4.752202813798119,0.6027777777777777,38.75023110581477
weekday_offpeak,252,14.262013657035903,22.98880767966616,0.14272439759235023,0.8235294117647058,0.5185185185185185,27,17,DE_LU,Quantile LightGBM,False,True,2025-06-30,3.397662984863406,7.131006828517951,4.955338882708974,0.6468253968253969,32.51841009337175
weekday_peak,252,21.546769967190883,28.570147053035946,0.46837531467626076,0.2,0.1111111111111111,9,5,DE_LU,Quantile LightGBM,False,True,2025-06-30,4.918638033860265,10.773384983595442,5.998791125844909,0.5555555555555556,46.17684599515919
weekend,216,16.956100108643653,23.061207324041533,0.29112215812225156,0.3333333333333333,0.42857142857142855,7,9,DE_LU,Quantile LightGBM,False,True,2025-06-30,5.337707224561091,8.478050054321827,3.060857702680868,0.6064814814814815,37.35630491609646
overall,720,12.0730704290589,18.11308942135958,0.1761238909455447,0.8387096774193549,0.6046511627906976,43,31,DE_LU,Quantile LightGBM,True,False,2025-06-30,2.6696004896436496,6.03653521452945,3.683618373384187,0.5944444444444444,27.700145646876212
weekday_offpeak,252,11.269410666312076,19.078683325112017,0.11277649056076405,0.8571428571428571,0.6666666666666666,27,21,DE_LU,Quantile LightGBM,True,False,2025-06-30,2.4578016112134753,5.634705333156038,3.9841915525536,0.5595238095238095,24.922889993591777
weekday_peak,252,13.526673697864082,18.855347280604366,0.2940375777625742,0.8,0.4444444444444444,9,5,DE_LU,Quantile LightGBM,True,False,2025-06-30,2.5295048718806803,6.763336848932041,4.128738388084553,0.5753968253968254,29.27390301832623
weekend,216,11.314803005324144,15.942805160315272,0.19426577152366167,0.8,0.5714285714285714,7,5,DE_LU,Quantile LightGBM,True,False,2025-06-30,3.0801440685356507,5.657401502662072,2.813642980536116,0.6574074074074074,29.104226975683037
overall,720,11.731086602214257,17.6975999087758,0.17113497594018257,0.90625,0.6744186046511628,43,32,DE_LU,Quantile LightGBM,True,True,2025-06-30,2.787119335606898,5.865543301107128,3.3511107482434257,0.6305555555555555,29.41742775437517
weekday_offpeak,252,10.959989124615031,18.594818620128887,0.1096800131486126,0.95,0.7037037037037037,27,20,DE_LU,Quantile LightGBM,True,True,2025-06-30,2.4547132508996308,5.479994562307516,3.5571851297855286,0.6150793650793651,26.49926474595959
weekday_peak,252,13.331065980896405,18.674060629172814,0.2897855332042787,1.0,0.5555555555555556,9,5,DE_LU,Quantile LightGBM,True,True,2025-06-30,2.8093605422395864,6.665532990448202,3.5711063329083657,0.5992063492063492,31.135748234022998
weekend,216,10.764057717617511,15.289899233041757,0.18480993228554096,0.7142857142857143,0.7142857142857143,7,7,DE_LU,Quantile LightGBM,True,True,2025-06-30,3.14897836002724,5.382028858808756,2.854029121001877,0.6851851851851852,30.817244037937538
overall,720,33.46524652777778,51.78720452720977,0.3956867476715406,,0.0,112,0,DE_LU,Persistence,False,False,2025-09-30,,,,,
weekday_offpeak,264,23.414981060606063,36.67050530634052,0.25121152144986547,,0.0,47,0,DE_LU,Persistence,False,False,2025-09-30,,,,,
weekday_peak,264,42.91705965909091,65.5756663842532,0.4847491267081648,,0.0,53,0,DE_LU,Persistence,False,False,2025-09-30,,,,,
weekend,192,34.28811848958333,47.9108583589334,0.509782670454683,,0.0,12,0,DE_LU,Persistence,False,False,2025-09-30,,,,,
overall,720,40.78588368055556,59.403807808913655,0.4822445772533936,0.5535714285714286,0.5535714285714286,112,112,DE_LU,Weekly seasonal,False,False,2025-09-30,,,,,
weekday_offpeak,264,35.04345170454545,53.19237973461239,0.375969504172039,0.5,0.5106382978723404,47,48,DE_LU,Weekly seasonal,False,False,2025-09-30,,,,,
weekday_peak,264,54.72227272727273,74.50863627148506,0.6180892662904618,0.660377358490566,0.660377358490566,53,53,DE_LU,Weekly seasonal,False,False,2025-09-30,,,,,
weekend,192,29.519192708333332,41.34268967484797,0.43888010049580983,0.2727272727272727,0.25,12,11,DE_LU,Weekly seasonal,False,False,2025-09-30,,,,,
overall,720,37.033933286751676,52.171583726525085,0.4378822251781765,,0.0,112,0,DE_LU,SARIMAX,False,False,2025-09-30,,,,,
weekday_offpeak,264,29.9622634538648,44.175721820697014,0.32145513032211936,,0.0,47,0,DE_LU,SARIMAX,False,False,2025-09-30,,,,,
weekday_peak,264,51.028778878853764,68.29013475325266,0.5763711725593174,,0.0,53,0,DE_LU,SARIMAX,False,False,2025-09-30,,,,,
weekend,192,27.514566617830752,33.33695120104595,0.40907608421565167,,0.0,12,0,DE_LU,SARIMAX,False,False,2025-09-30,,,,,
overall,720,31.069764598175315,43.53884580444273,0.3673630222495995,0.7272727272727273,0.2857142857142857,112,44,DE_LU,SARIMAX,False,True,2025-09-30,,,,,
weekday_offpeak,264,25.03849364621842,35.57508289160328,0.26862964643869386,0.75,0.2553191489361702,47,16,DE_LU,SARIMAX,False,True,2025-09-30,,,,,
weekday_peak,264,39.29204152659047,54.821961445066755,0.4438044676847075,0.8888888888888888,0.3018867924528302,53,18,DE_LU,SARIMAX,False,True,2025-09-30,,,,,
weekend,192,28.057131380545215,35.15600774720817,0.41714273020893405,0.4,0.3333333333333333,12,10,DE_LU,SARIMAX,False,True,2025-09-30,,,,,
overall,720,28.58856772616884,41.45388137701655,0.3380258195547944,0.6483516483516484,0.5267857142857143,112,91,DE_LU,LightGBM,False,False,2025-09-30,,,,,
weekday_offpeak,264,21.580582711242748,32.93369905104625,0.23153087344524345,0.6060606060606061,0.425531914893617,47,33,DE_LU,LightGBM,False,False,2025-09-30,,,,,
weekday_peak,264,42.84862941329988,56.540065312121506,0.48397620558656135,0.7045454545454546,0.5849056603773585,53,44,DE_LU,LightGBM,False,False,2025-09-30,,,,,
weekend,192,18.616962301887035,23.60414616934501,0.2767898962112302,0.5714285714285714,0.6666666666666666,12,14,DE_LU,LightGBM,False,False,2025-09-30,,,,,
overall,720,22.474707701797318,34.26768298352263,0.2657366945739106,0.7529411764705882,0.5714285714285714,112,85,DE_LU,LightGBM,False,True,2025-09-30,,,,,
weekday_offpeak,264,17.84580616198314,27.332473502693457,0.191461701628006,0.7777777777777778,0.44680851063829785,47,27,DE_LU,LightGBM,False,True,2025-09-30,,,,,
weekday_peak,264,30.701524730021145,45.24326825818152,0.346774392740449,0.825,0.6226415094339622,53,40,DE_LU,LightGBM,False,True,2025-09-30,,,,,
weekend,192,17.527573905234046,23.70134800160855,0.26059328495136125,0.5555555555555556,0.8333333333333334,12,18,DE_LU,LightGBM,False,True,2025-09-30,,,,,
overall,720,12.99497867467035,21.007659550698804,0.15365017088917235,0.8349514563106796,0.7678571428571429,112,103,DE_LU,LightGBM,True,False,2025-09-30,,,,,
weekday_offpeak,264,12.410284145758771,17.76140010411056,0.13314579899986947,0.775,0.6595744680851063,47,40,DE_LU,LightGBM,True,False,2025-09-30,,,,,
weekday_peak,264,15.593981399098828,27.34523225047663,0.17613436067527288,0.8823529411764706,0.8490566037735849,53,51,DE_LU,LightGBM,True,False,2025-09-30,,,,,
weekend,192,10.225304905834603,13.893042901678967,0.15202593407664924,0.8333333333333334,0.8333333333333334,12,12,DE_LU,LightGBM,True,False,2025-09-30,,,,,
overall,720,12.636165361029695,20.681593868203425,0.149407630109505,0.8431372549019608,0.7678571428571429,112,102,DE_LU,LightGBM,True,True,2025-09-30,,,,,
weekday_offpeak,264,12.293933469730261,17.66135816670673,0.13189751140693104,0.8157894736842105,0.6595744680851063,47,38,DE_LU,LightGBM,True,True,2025-09-30,,,,,
weekday_peak,264,15.09281977577577,26.91045442742818,0.17047372918804474,0.8979591836734694,0.8301886792452831,53,49,DE_LU,LightGBM,True,True,2025-09-30,,,,,
weekend,192,9.728834391290569,13.3921260460299,0.14464459978782973,0.7333333333333333,0.9166666666666666,12,15,DE_LU,LightGBM,True,True,2025-09-30,,,,,
overall,720,27.964915963772263,41.996846442553455,0.3306518790300325,0.6388888888888888,0.4107142857142857,112,72,DE_LU,Quantile LightGBM,False,False,2025-09-30,6.21968139689924,13.982457981886132,8.75612891053536,0.49583333333333335,50.02249971019194
weekday_offpeak,264,21.84137658142141,33.107623626734316,0.23432884388744907,0.5454545454545454,0.2553191489361702,47,22,DE_LU,Quantile LightGBM,False,False,2025-09-30,5.417591606571789,10.920688290710705,6.042889892516017,0.571969696969697,42.945313619677094
weekday_peak,264,41.382468701354945,57.48432628717004,0.46741588830539876,0.717948717948718,0.5283018867924528,53,39,DE_LU,Quantile LightGBM,False,False,2025-09-30,8.215325639594859,20.691234350677473,14.305668878953629,0.36742424242424243,62.585902161502375
weekend,192,17.935647600328497,23.732534930159357,0.2666603690373766,0.5454545454545454,0.5,12,11,DE_LU,Quantile LightGBM,False,False,2025-09-30,4.578544024893007,8.967823800164249,4.856215103736832,0.5677083333333334,42.47895221409796
overall,720,23.35068676020762,36.8131202067663,0.27609410533922635,0.8108108108108109,0.5357142857142857,112,74,DE_LU,Quantile LightGBM,False,True,2025-09-30,5.358934835083901,11.67534338010381,7.267612995987108,0.5444444444444444,45.3649489371937
weekday_offpeak,264,18.98481917432544,29.178275184118707,0.20368179230589692,0.7391304347826086,0.3617021276595745,47,23,DE_LU,Quantile LightGBM,False,True,2025-09-30,4.207750536432603,9.49240958716272,5.550406802051958,0.5492424242424242,37.29405389961698
weekday_peak,264,31.794659317727522,48.84582230358822,0.3591213717966648,0.9411764705882353,0.6037735849056604,53,34,DE_LU,Quantile LightGBM,False,True,2025-09-30,6.6677194788518515,15.897329658863761,11.432855715097103,0.4772727272727273,54.95107096519872
weekend,192,17.74329242420575,25.11480511860025,0.26380050563048174,0.6470588235294118,0.9166666666666666,12,17,DE_LU,Quantile LightGBM,False,True,2025-09-30,5.142234360548506,8.871646212102876,3.901562773871699,0.6302083333333334,43.28151182535479
overall,720,12.806367879166206,23.61050409582321,0.1514200725037674,0.8888888888888888,0.7142857142857143,112,90,DE_LU,Quantile LightGBM,True,False,2025-09-30,2.723475970927591,6.403183939583103,3.789512553991551,0.6666666666666666,33.38145341013674
weekday_offpeak,264,11.367416967356656,16.947451202393573,0.12195722490372016,0.8571428571428571,0.6382978723404256,47,35,DE_LU,Quantile LightGBM,True,False,2025-09-30,2.5666699716019825,5.683708483678328,2.96899038209762,0.6174242424242424,32.49656117363064
weekday_peak,264,16.39509847774813,32.986250346571296,0.1851829955852832,0.9130434782608695,0.7924528301886793,53,46,DE_LU,Quantile LightGBM,True,False,2025-09-30,2.8967683409223923,8.197549238874066,5.82384050410989,0.7234848484848485,39.83871285270824
weekend,192,9.85042080985419,14.121261247408459,0.14645230029391654,0.8888888888888888,0.6666666666666666,12,9,DE_LU,Quantile LightGBM,True,False,2025-09-30,2.70080721125745,4.925210404927095,2.1205296089329915,0.65625,25.71944850179683
overall,720,12.862867436253879,24.294348698505765,0.15208811258440288,0.9176470588235294,0.6964285714285714,112,85,DE_LU,Quantile LightGBM,True,True,2025-09-30,2.733052107611678,6.431433718126939,3.84603625919286,0.6611111111111111,32.50010983023588
weekday_offpeak,264,11.515466989345592,17.651528662279272,0.12354560420576877,0.8529411764705882,0.6170212765957447,47,34,DE_LU,Quantile LightGBM,True,True,2025-09-30,2.4602987952132427,5.757733494672796,3.050683115795228,0.6325757575757576,31.6332967045144
weekday_peak,264,16.248639137287014,33.77218401386789,0.18352873413422544,0.9523809523809523,0.7547169811320755,53,42,DE_LU,Quantile LightGBM,True,True,2025-09-30,3.0170831698907397,8.124319568643507,5.809334008234196,0.7234848484848485,38.690960956684854
weekend,192,10.060106961832217,14.717997959716008,0.1495698340409257,1.0,0.75,12,9,DE_LU,Quantile LightGBM,True,True,2025-09-30,2.7175452015258177,5.030053480916108,2.2401124264327645,0.6145833333333334,25.179557579235553
overall,720,20.232454861111112,30.639400354018342,0.21646641205348852,,0.0,51,0,DE_LU,Persistence,False,False,2025-12-31,,,,,
weekday_offpeak,264,14.923664772727273,21.961124617922042,0.1857901793593032,,0.0,5,0,DE_LU,Persistence,False,False,2025-12-31,,,,,
weekday_peak,264,32.71686553030303,44.111661038320236,0.30003985303444514,,0.0,46,0,DE_LU,Persistence,False,False,2025-12-31,,,,,
weekend,192,10.3659765625,13.480354442370093,0.1150225065612532,,,0,0,DE_LU,Persistence,False,False,2025-12-31,,,,,
overall,720,26.875496527777777,43.047911284965544,0.2875401104542266,0.275,0.43137254901960786,51,80,DE_LU,Weekly seasonal,False,False,2025-12-31,,,,,
weekday_offpeak,264,26.97932765151515,36.85141078663016,0.335875550657547,0.3,0.6,5,10,DE_LU,Weekly seasonal,False,False,2025-12-31,,,,,
weekday_peak,264,37.390804924242424,59.441302226989784,0.34290361966118926,0.2714285714285714,0.41304347826086957,46,70,DE_LU,Weekly seasonal,False,False,2025-12-31,,,,,
weekend,192,12.2741796875,14.955919473947363,0.1361962286068471,,,0,0,DE_LU,Weekly seasonal,False,False,2025-12-31,,,,,
overall,720,16.205151533650575,26.404797685929204,0.1733784176637369,,0.0,51,0,DE_LU,SARIMAX,False,False,2025-12-31,,,,,
weekday_offpeak,264,13.158329164214145,19.417490848967773,0.16381286853586527,,0.0,5,0,DE_LU,SARIMAX,False,False,2025-12-31,,,,,
weekday_peak,264,24.555268812770535,37.817668886428585,0.2251914762121995,,0.0,46,0,DE_LU,SARIMAX,False,False,2025-12-31,,,,,
weekend,192,8.913121032835724,11.385489039997996,0.09890139306212528,,,0,0,DE_LU,SARIMAX,False,False,2025-12-31,,,,,
overall,720,17.56183471336641,23.416229363371325,0.18789352926153324,0.30120481927710846,0.49019607843137253,51,83,DE_LU,SARIMAX,False,True,2025-12-31,,,,,
weekday_offpeak,264,10.783960996103621,15.099183939026856,0.13425348787861283,,0.0,5,0,DE_LU,SARIMAX,False,True,2025-12-31,,,,,
weekday_peak,264,24.07657807410858,30.299243215492822,0.22080149885498435,0.3968253968253968,0.5434782608695652,46,63,DE_LU,SARIMAX,False,True,2025-12-31,,,,,
weekend,192,17.92363895358225,21.91822723876953,0.19888351731356205,0.0,,0,20,DE_LU,SARIMAX,False,True,2025-12-31,,,,,
overall,720,15.427966161793636,21.40511450856995,0.16506333528242428,0.46153846153846156,0.47058823529411764,51,52,DE_LU,LightGBM,False,False,2025-12-31,,,,,
weekday_offpeak,264,12.960785051904617,18.04900550960466,0.16135356938808265,0.4,0.4,5,5,DE_LU,LightGBM,False,False,2025-12-31,,,,,
weekday_peak,264,20.46541109253721,27.324796038338953,0.18768420620266837,0.4782608695652174,0.4782608695652174,46,46,DE_LU,LightGBM,False,False,2025-12-31,,,,,
weekend,192,11.893853408118623,15.607874419269747,0.1319760683834662,0.0,,0,1,DE_LU,LightGBM,False,False,2025-12-31,,,,,
overall,720,14.39090073569143,19.55007162618866,0.15396780419664588,0.5280898876404494,0.9215686274509803,51,89,DE_LU,LightGBM,False,True,2025-12-31,,,,,
weekday_offpeak,264,11.985768642118353,15.583684819456806,0.14921523229654604,0.3333333333333333,0.8,5,12,DE_LU,LightGBM,False,True,2025-12-31,,,,,
weekday_peak,264,19.92003656546162,25.82881591479188,0.18268268511254654,0.5584415584415584,0.9347826086956522,46,77,DE_LU,LightGBM,False,True,2025-12-31,,,,,
weekend,192,10.095395598420403,13.492546147952785,0.11202009761998796,,,0,0,DE_LU,LightGBM,False,True,2025-12-31,,,,,
overall,720,10.714648941961432,18.674263047365663,0.1146356993652388,0.6986301369863014,1.0,51,73,DE_LU,LightGBM,True,False,2025-12-31,,,,,
weekday_offpeak,264,7.657214599642007,12.144231080258177,0.09532747455303363,0.4166666666666667,1.0,5,12,DE_LU,LightGBM,True,False,2025-12-31,,,,,
weekday_peak,264,17.119243925521015,27.500704627470324,0.15699717403296634,0.7540983606557377,1.0,46,61,DE_LU,LightGBM,True,False,2025-12-31,,,,,
weekend,192,6.112303060256214,8.06505480411758,0.06782307625468242,,,0,0,DE_LU,LightGBM,True,False,2025-12-31,,,,,
overall,720,10.442106371832605,18.01567813464626,0.11171977479293095,0.7183098591549296,1.0,51,71,DE_LU,LightGBM,True,True,2025-12-31,,,,,
weekday_offpeak,264,7.289040344126169,11.245499737358852,0.0907439381355733,0.45454545454545453,1.0,5,11,DE_LU,LightGBM,True,True,2025-12-31,,,,,
weekday_peak,264,16.757537490039166,26.71644535886455,0.15368003640426936,0.7666666666666667,1.0,46,60,DE_LU,LightGBM,True,True,2025-12-31,,,,,
weekend,192,6.09385437239493,7.861399947032946,0.06761836671209599,,,0,0,DE_LU,LightGBM,True,True,2025-12-31,,,,,
overall,720,13.562064857475834,19.77846314755084,0.14510011463696784,0.6363636363636364,0.27450980392156865,51,22,DE_LU,Quantile LightGBM,False,False,2025-12-31,3.101752291304655,6.781032428737917,3.6551959540890175,0.6694444444444444,34.00567843603201
weekday_offpeak,264,11.961533532286778,16.488337132461666,0.14891352052058673,0.5,0.2,5,2,DE_LU,Quantile LightGBM,False,False,2025-12-31,3.299792573576061,5.980766766143389,2.7366554054954664,0.6666666666666666,29.457035426869094
weekday_peak,264,17.216909119416904,25.550002455518776,0.15789284206069845,0.7222222222222222,0.2826086956521739,46,18,DE_LU,Quantile LightGBM,False,False,2025-12-31,3.7679082925007195,8.608454559708452,5.500046128052791,0.6856060606060606,45.11319246596129
weekend,192,10.737384569441817,13.983389158179675,0.11914370823075263,0.0,,0,2,DE_LU,Quantile LightGBM,False,False,2025-12-31,1.9134824015368819,5.368692284720908,2.3815202192049614,0.6510416666666666,24.987230782478225
overall,720,12.457237712466931,18.033993167265045,0.13327960300547703,0.6545454545454545,0.7058823529411765,51,55,DE_LU,Quantile LightGBM,False,True,2025-12-31,2.5854352463982457,6.2286188562334655,2.975345599803139,0.6722222222222223,32.503126802052755
weekday_offpeak,264,10.767090211601769,14.50479768816451,0.13404345729120246,0.4,0.4,5,5,DE_LU,Quantile LightGBM,False,True,2025-12-31,2.8073263800071095,5.383545105800884,2.376941183901636,0.6628787878787878,28.246802913875516
weekday_peak,264,16.1521191166791,23.73930872623094,0.14812786516711157,0.68,0.7391304347826086,46,50,DE_LU,Quantile LightGBM,False,True,2025-12-31,2.8297492717055954,8.07605955833955,4.130435551592643,0.7159090909090909,45.619747621073635
weekend,192,9.700728595364795,12.466775867260708,0.10764081047084498,,,0,0,DE_LU,Quantile LightGBM,False,True,2025-12-31,1.9444031528884533,4.850364297682398,2.2099029879571366,0.625,20.320218522142717
overall,720,9.694169472886488,16.10943645438374,0.10371762092338378,0.704225352112676,0.9803921568627451,51,71,DE_LU,Quantile LightGBM,True,False,2025-12-31,1.800919635064164,4.847084736443244,2.1590041359707564,0.6847222222222222,25.973670565068947
weekday_offpeak,264,7.479655760688599,12.31044012116391,0.09311697940734599,0.45454545454545453,1.0,5,11,DE_LU,Quantile LightGBM,True,False,2025-12-31,1.8543964233835801,3.7398278803442997,1.7287210170829705,0.6628787878787878,21.05803117605721
weekday_peak,264,14.959606492845898,22.753504863322753,0.1371915695716417,0.75,0.9782608695652174,46,60,DE_LU,Quantile LightGBM,True,False,2025-12-31,2.1110533253929473,7.479803246422949,3.3040584704064955,0.7007575757575758,40.11821621371536
weekend,192,5.4991499247143905,7.275473965425515,0.061019432610430996,,,0,0,DE_LU,Quantile LightGBM,True,False,2025-12-31,1.3009552269228901,2.7495749623571952,1.1761937145923202,0.6927083333333334,13.28392445807127
overall,720,9.37230578424008,15.376698513627266,0.10027401122155234,0.6944444444444444,0.9803921568627451,51,72,DE_LU,Quantile LightGBM,True,True,2025-12-31,1.711462434177314,4.68615289212004,2.3362982990132974,0.6458333333333334,25.61161048655932
weekday_offpeak,264,7.26845488125701,11.627659740150557,0.09048766215397629,0.4166666666666667,1.0,5,12,DE_LU,Quantile LightGBM,True,True,2025-12-31,1.7371500032499296,3.634227440628505,2.028692846085389,0.6136363636363636,20.916759499886844
weekday_peak,264,14.218395857658823,21.708580048752204,0.1303940745657979,0.75,0.9782608695652174,46,60,DE_LU,Quantile LightGBM,True,True,2025-12-31,2.0466338445496053,7.109197928829412,3.312969768774337,0.6553030303030303,39.0618881044719
weekend,192,5.60172692489103,7.264396128944641,0.062157643140303705,,,0,0,DE_LU,Quantile LightGBM,True,True,2025-12-31,1.2152813374405669,2.800863462445515,1.4163325258677426,0.6770833333333334,13.572898868604186
